#bioRep	cell	dataType	donorId	labExpId	labProtocolId	localization	protocol	readType	replicate	rnaExtract	seqPlatform	spikeInPool
045	IMR90	RnaPet	58607680	RHI003	045C+pet	cytosol	N/A	2x36	1	longPolyA	Illumina_HiSeq_2000	N/A
059	HCH	RnaSeq	0011308.2P	LID47024	059WCt	cell	None	2x101D	1	total	Illumina_HiSeq_2000	Nist13
012	HeLa-S3	Cage	N/A	J88	012C+cage	cytosol	N/A	1x36	2	longPolyA	Illumina_GA2x	N/A
022	A549	RnaSeq	N/A	LID8964	022WC+	cell	None	2x76D	2	longPolyA	Illumina_GA2x	Nist14
030	HUVEC	RnaSeq	7F3771	LID8689	030C+	cytosol	None	2x76D	4	longPolyA	Illumina_GA2x	Nist14
0115	H1-hESC	RnaSeq	N/A	crg-16	0115WC+	cell	N/A	N/A	115	longPolyA	N/A	N/A
042	CD20+	RnaSeq	RO01778	LID44660	042WC-	cell	None	2x76D	2	longNonPolyA	Illumina_GA2x	Nist14
085	SK-N-SH	RnaSeq	N/A	LID46956	N/A	cell	TAP-Only	1x101	3	shortTotal	Illumina_HiSeq_2000	N/A
081	NHEM.f_M2	RnaSeq	6022001	LID47256	N/A	cell	None	2x101D	1	total	Illumina_HiSeq_2000	Nist13
022	A549	Cage	N/A	K17	022WC+cage	cell	N/A	1x36	2	longPolyA	Illumina_GA2x	N/A
037	BJ	RnaSeq	N/A	LID9007	037WC-	cell	None	2x76D	1	longNonPolyA	Illumina_GA2x	Nist14
001	K562	RnaSeq	N/A	LID18545	001C-	cytosol	None	2x76D	1	longNonPolyA	Illumina_GA2x	Nist14
079	HWP	Cage	8120201.5	CThi10101ACA	079WC+cage	cell	N/A	1x50	1	longPolyA	Illumina_HiSeq_2000	N/A
080	HWP	RnaSeq	0092205	LID47255	N/A	cell	None	2x101D	2	total	Illumina_HiSeq_2000	Nist13
071	HPC-PL	RnaSeq	0101504.13	LID47301	N/A	cell	N/A	2x101D	1	total	Illumina_HiSeq_2000	Nist13
042	CD20+	RnaSeq	RO01778	LID44499	042WC+	cell	None	2x76D	2	longPolyA	Illumina_GA2x	Nist14
004	GM12878	RnaSeq	N/A	LID9198	004N-	nucleus	None	2x76D	2	longNonPolyA	Illumina_GA2x	Nist14
063	HMEpC	Cage	6022801.3	CThi10105GAT	063WC+cage	cell	N/A	1x50	1	longPolyA	Illumina_HiSeq_2000	N/A
030	HUVEC	RnaSeq	7F3771	LID21058	030Ns	nucleus	TAP-Only	1x36	4	shortTotal	Illumina_GA2x	N/A
004	GM12878	RnaSeq	N/A	LID20903	004Ns	nucleus	TAP-Only	1x36	2	shortTotal	Illumina_GA2x	N/A
038	BJ	RnaSeq	N/A	LID8970	038WC+	cell	None	2x76D	2	longPolyA	Illumina_GA2x	Nist14
046	IMR90	RnaSeq	58607680	LID45958	N/A	cytosol	None	1x101	2	shortTotal	Illumina_HiSeq_2000	N/A
021	A549	RnaSeq	N/A	LID20749	021WCs	cell	TAP-Only	1x36	1	shortTotal	Illumina_GA2x	N/A
014	HepG2	RnaSeq	N/A	LID8535	014N+	nucleus	None	2x76D	2	longPolyA	Illumina_GA2x	Nist14
014	HepG2	RnaSeq	N/A	LID18553	014C-	cytosol	None	2x76D	2	longNonPolyA	Illumina_GA2x	Nist14
N/A	N/A	Cage	N/A	I27	N/A	N/A	N/A	N/A	N/A	N/A	Illumina_Classic	N/A
062	HFDPC	RnaSeq	0100503.2	LID47478	N/A	cell	TAP-Only	1x101	2	shortTotal	Illumina_HiSeq_2000	N/A
067	hMSC-BM	RnaSeq	0051105.11	LID47099	N/A	cell	None	2x101D	1	total	Illumina_HiSeq_2000	Nist13
002	K562	RnaSeq	N/A	LID10571	002Cs	cytosol	TAP-Only	1x36	2	shortTotal	Illumina_GA2x	N/A
027	NHEK	RnaSeq	4F1155J	LID18554	027C-	cytosol	None	2x76D	3	longNonPolyA	Illumina_GA2x	Nist14
042	CD20+	Cage	RO01778	CThi10024	042WC+cage	cell	N/A	1x50	2	longPolyA	Illumina_HiSeq_2000	N/A
019	SK-N-SH_RA	RnaSeq	N/A	LID20747	019WCs	cell	TAP-Only	1x36	1	shortTotal	Illumina_GA2x	N/A
086	SK-N-SH	Cage	N/A	CThi10047	086C+cage	cytosol	N/A	1x50	4	longPolyA	Illumina_HiSeq_2000	N/A
0154	K562	RnaSeq	N/A	crg-44	0154Ps	polysome	N/A	N/A	154	shortTotal	N/A	N/A
090	MCF-7	RnaPet	N/A	RHM055	090N+pet	nucleus	N/A	2x36	4	longPolyA	Illumina_HiSeq_2000	N/A
012	HeLa-S3	Cage	N/A	J81	012WC+cage	cell	N/A	1x36	2	longPolyA	Illumina_GA2x	N/A
014	HepG2	RnaSeq	N/A	LID8472	014C+	cytosol	None	2x76D	2	longPolyA	Illumina_GA2x	Nist14
049	NHDF	RnaSeq	7071701.2	LID47247	N/A	cell	None	2x101D	1	total	Illumina_HiSeq_2000	Nist13
086	SK-N-SH	RnaSeq	N/A	LID46206	N/A	cytosol	None	1x101	4	shortTotal	Illumina_HiSeq_2000	N/A
009	HUVEC	Cage	7F3771	J78	009WC+cage	cell	N/A	1x36	1	longPolyA	Illumina_GA2x	N/A
0132	K562	RnaSeq	N/A	crg-53	0132WCt	cell	N/A	N/A	132	total	N/A	N/A
085	SK-N-SH	RnaSeq	N/A	LID46594	085C+	cytosol	None	2x101D	3	longPolyA	Illumina_HiSeq_2000	Nist14
088	A549	RnaSeq	N/A	LID46099	N/A	cell	CIP-TAP	1x101	4	shortTotal	Illumina_HiSeq_2000	N/A
029	HUVEC	Cage	N/A	K05	029N+cage	nucleus	N/A	1x36	3	longPolyA	Illumina_GA2x	N/A
004	GM12878	RnaSeq	N/A	LID20904	004Cs	cytosol	TAP-Only	1x36	2	shortTotal	Illumina_GA2x	N/A
089	MCF-7	Cage	N/A	CThi10051	089C+cage	cytosol	N/A	1x50	3	longPolyA	Illumina_HiSeq_2000	N/A
012	HeLa-S3	RnaSeq	N/A	LID9201	012N-	nucleus	None	2x76D	2	longNonPolyA	Illumina_GA2x	Nist14
093	HSaVEC	RnaSeq	0022202.16	LID47260	N/A	cell	None	2x101D	1	total	Illumina_HiSeq_2000	Nist13
088	A549	RnaSeq	N/A	LID47040	N/A	cell	TAP-Only	1x101	4	shortTotal	Illumina_HiSeq_2000	N/A
034	NHLF	RnaSeq	N/A	LID8829	034WC-	cell	None	2x76D	2	longNonPolyA	Illumina_GA2x	Nist14
080	HWP	RnaSeq	0092205	LID47610	N/A	cell	TAP-Only	1x101	2	shortTotal	Illumina_HiSeq_2000	N/A
087	A549	RnaSeq	N/A	LID46060	N/A	nucleus	None	1x101	3	shortTotal	Illumina_HiSeq_2000	N/A
067	hMSC-BM	Cage	0051105.11	CThi10103ATC	067WC+cage	cell	N/A	1x50	1	longPolyA	Illumina_HiSeq_2000	N/A
085	SK-N-SH	RnaPet	N/A	RHS017	085C+pet	cytosol	N/A	2x36	3	longPolyA	Illumina_HiSeq_2000	N/A
088	A549	Cage	N/A	CThi10059	088C+cage	cytosol	N/A	1x50	4	longPolyA	Illumina_HiSeq_2000	N/A
033	NHLF	RnaSeq	N/A	LID8692	033WC+	cell	None	2x76D	1	longPolyA	Illumina_GA2x	Nist14
061	HFDPC	RnaSeq	0102703.3	LID47477	N/A	cell	TAP-Only	1x101	1	shortTotal	Illumina_HiSeq_2000	N/A
004	GM12878	Cage	N/A	J94	004N+cage	nucleus	N/A	1x36	2	longPolyA	Illumina_GA2x	N/A
046	IMR90	RnaSeq	58607680	LID47265	N/A	cytosol	TAP-Only	1x101	2	shortTotal	Illumina_HiSeq_2000	N/A
011	HeLa-S3	Cage	N/A	J96	011N+cage	nucleus	N/A	1x36	1	longPolyA	Illumina_GA2x	N/A
025	K562	RnaSeq	N/A	LID9189	025NPt	nucleoplasm	None	2x76D	3	total	Illumina_GA2x	Nist14
046	IMR90	RnaPet	58607680	RHI006	046N+pet	nucleus	N/A	2x36	2	longPolyA	Illumina_HiSeq_2000	N/A
061	HFDPC	Cage	0102703.3	CThi10103ACA	061WC+cage	cell	N/A	1x50	1	longPolyA	Illumina_HiSeq_2000	N/A
048	SkMC	RnaSeq	8121902.17	LID47246	N/A	cell	None	2x101D	2	total	Illumina_HiSeq_2000	Nist13
090	MCF-7	RnaPet	N/A	RHM045	090C+pet	cytosol	N/A	2x36	4	longPolyA	Illumina_HiSeq_2000	N/A
092	GM12878	RnaSeq	N/A	LID47964	092NLt	nucleolus	None	2x101D	4	total	Illumina_HiSeq_2000	Nist13
030	HUVEC	Cage	7F3771	K06	030N+cage	nucleus	N/A	1x36	4	longPolyA	Illumina_GA2x	N/A
037	BJ	Cage	N/A	K18	037WC+cage	cell	N/A	1x36	1	longPolyA	Illumina_GA2x	N/A
008	NHEK	RnaSeq	4F1155J	LID21000	008WCs	cell	TAP-Only	1x36	2	shortTotal	Illumina_GA2x	N/A
006	H1-hESC	Cage	N/A	J95	006N+cage	nucleus	N/A	1x36	2	longPolyA	Illumina_GA2x	N/A
014	HepG2	RnaSeq	N/A	LID44461	014WCs	cell	TAP-Only	1x36	2	shortTotal	Illumina_GA2x	N/A
073	HPIEpC	Cage	9041503.2	CThi10104ATC	073WC+cage	cell	N/A	1x50	1	longPolyA	Illumina_HiSeq_2000	N/A
086	SK-N-SH	RnaSeq	N/A	LID46957	N/A	cell	TAP-Only	1x101	4	shortTotal	Illumina_HiSeq_2000	N/A
065	hMSC-AT	RnaSeq	0102604.12	LID47479	N/A	cell	TAP-Only	1x101	1	shortTotal	Illumina_HiSeq_2000	N/A
011	HeLa-S3	RnaSeq	N/A	LID21143	011WCs	cell	TAP-Only	1x36	1	shortTotal	Illumina_GA2x	N/A
003	GM12878	RnaSeq	N/A	LID9197	003N-	nucleus	None	2x76D	1	longNonPolyA	Illumina_GA2x	Nist14
029	HUVEC	RnaSeq	7F3771	LID21056	029Ns	nucleus	TAP-Only	1x36	3	shortTotal	Illumina_GA2x	N/A
061	HFDPC	RnaSeq	0102703.3	LID47094	N/A	cell	None	2x101D	1	total	Illumina_HiSeq_2000	Nist13
011	HeLa-S3	RnaPet	N/A	RHH014	011WC+pet	cell	N/A	2x36	1	longPolyA	Illumina_HiSeq_2000	N/A
N/A	N/A	Cage	N/A	I72	N/A	N/A	N/A	N/A	N/A	N/A	Illumina_GA2x	N/A
004	GM12878	RnaSeq	N/A	LID8468	004C+	cytosol	None	2x76D	2	longPolyA	Illumina_GA2x	Nist14
001	K562	RnaSeq	N/A	LID10570	001Ns	nucleus	TAP-Only	1x36	1	shortTotal	Illumina_GA2x	N/A
0106	GM12878	RnaSeq	N/A	crg-9	0106C+	cytosol	N/A	N/A	106	longPolyA	N/A	N/A
015	MCF-7	RnaSeq	N/A	LID20743	015WCs	cell	TAP-Only	1x36	1	shortTotal	Illumina_GA2x	N/A
029	HUVEC	Cage	N/A	K03	029C+cage	cytosol	N/A	1x36	3	longPolyA	Illumina_GA2x	N/A
085	SK-N-SH	RnaSeq	N/A	LID46958	N/A	cytosol	TAP-Only	1x101	3	shortTotal	Illumina_HiSeq_2000	N/A
060	HCH	Cage	8100808.2	CThi10104ACA	060WC+cage	cell	N/A	1x50	2	longPolyA	Illumina_HiSeq_2000	N/A
0143	K562	RnaSeq	N/A	crg-37	0143NLs	nucleolus	N/A	N/A	143	shortTotal	N/A	N/A
060	HCH	RnaSeq	8100808.2	LID47025	060WCt	cell	None	2x101D	2	total	Illumina_HiSeq_2000	Nist13
029	HUVEC	RnaSeq	7F3771	LID8688	029C+	cytosol	None	2x76D	3	longPolyA	Illumina_GA2x	Nist14
N/A	N/A	Cage	N/A	I09	N/A	N/A	N/A	N/A	N/A	N/A	Illumina_Classic	N/A
0131	K562	RnaSeq	N/A	crg-45	0131WCt	cell	N/A	N/A	131	total	N/A	N/A
092	GM12878	RnaSeq	N/A	LID47654	N/A	nucleolus	TAP-Only	1x101	4	shortTotal	Illumina_HiSeq_2000	N/A
006	H1-hESC	Cage	N/A	J75	006WC+cage	cell	N/A	1x36	2	longPolyA	Illumina_GA2x	N/A
001	K562	Cage	N/A	J82	001C+cage	cytosol	N/A	1x36	1	longPolyA	Illumina_GA2x	N/A
045	IMR90	RnaPet	58607680	RHI005	045N+pet	nucleus	N/A	2x36	1	longPolyA	Illumina_HiSeq_2000	N/A
015	MCF-7	RnaSeq	N/A	LID8799	015WC+2	cell	None	2x76D	1	longPolyA	Illumina_GA2x	Nist14
047	SkMC	Cage	9011302	CThi10030	047WC+cage	cell	N/A	1x50	1	longPolyA	Illumina_HiSeq_2000	N/A
055	HAoAF	Cage	6111301.9	CThi10100CTT	055WC+cage	cell	N/A	1x50	1	longPolyA	Illumina_HiSeq_2000	N/A
086	SK-N-SH	RnaSeq	N/A	LID46204	N/A	nucleus	None	1x101	4	shortTotal	Illumina_HiSeq_2000	N/A
087	A549	Cage	N/A	CThi10106	087N+cage	nucleus	N/A	1x50	3	longPolyA	Illumina_HiSeq_2000	N/A
089	MCF-7	RnaSeq	N/A	LID46315	089Cs	cytosol	None	1x101	3	shortTotal	Illumina_HiSeq_2000	N/A
085	SK-N-SH	RnaSeq	N/A	LID46205	N/A	cytosol	None	1x101	3	shortTotal	Illumina_HiSeq_2000	N/A
085	SK-N-SH	Cage	N/A	CThi10045	085N+cage	nucleus	N/A	1x50	3	longPolyA	Illumina_HiSeq_2000	N/A
041	CD20+	RnaSeq	RO01794	LID44362	041WCs	cell	TAP-Only	1x36	1	shortTotal	Illumina_GA2x	N/A
043	CD34+_Mobilized	RnaSeq	N/A	LID46197	043WCs	cell	TAP-Only	1x101	1	shortTotal	Illumina_HiSeq_2000	N/A
028	NHEK	RnaSeq	4F1155J	LID9205	028N-	nucleus	None	2x76D	4	longNonPolyA	Illumina_GA2x	Nist14
016	MCF-7	RnaSeq	N/A	LID8800	016WC+2	cell	None	2x76D	2	longPolyA	Illumina_GA2x	Nist14
047	SkMC	RnaSeq	9011302	LID47245	N/A	cell	None	2x101D	1	total	Illumina_HiSeq_2000	Nist13
087	A549	RnaSeq	N/A	LID47041	N/A	cytosol	TAP-Only	1x101	3	shortTotal	Illumina_HiSeq_2000	N/A
068	hMSC-BM	Cage	0050602.11	CThi10100ACA	068WC+cage	cell	N/A	1x50	2	longPolyA	Illumina_HiSeq_2000	N/A
086	SK-N-SH	RnaSeq	N/A	LID46595	086C+	cytosol	None	2x101D	4	longPolyA	Illumina_HiSeq_2000	Nist14
033	NHLF	RnaSeq	N/A	LID8828	033WC-	cell	None	2x76D	1	longNonPolyA	Illumina_GA2x	Nist14
089	MCF-7	RnaSeq	N/A	LID46458	089WCs	cell	CIP-TAP	1x101	3	shortTotal	Illumina_HiSeq_2000	N/A
025	K562	RnaSeq	N/A	LID9187	025NLt	nucleolus	None	2x76D	3	total	Illumina_GA2x	Nist14
086	SK-N-SH	Cage	N/A	CThi10046	086WC+cage	cell	N/A	1x50	4	longPolyA	Illumina_HiSeq_2000	N/A
041	CD20+	RnaSeq	RO01794	LID44498	041WC+	cell	None	2x76D	1	longPolyA	Illumina_GA2x	Nist14
008	NHEK	RnaSeq	4F1155J	LID8666	008WC-	cell	None	2x76D	2	longNonPolyA	Illumina_GA2x	Nist14
082	NHEM.f_M2	RnaSeq	5071302.2	LID47612	N/A	cell	TAP-Only	1x101	2	shortTotal	Illumina_HiSeq_2000	N/A
N/A	N/A	Cage	N/A	J58	N/A	N/A	N/A	N/A	N/A	N/A	Illumina_GA2x	N/A
029	HUVEC	RnaSeq	7F3771	LID8690	029N+	nucleus	None	2x76D	3	longPolyA	Illumina_GA2x	Nist14
054	HOB	Cage	0090202.1	CThi10037	054WC+cage	cell	N/A	1x50	2	longPolyA	Illumina_HiSeq_2000	N/A
002	K562	RnaSeq	N/A	LID8660	002WC-	cell	None	2x76D	2	longNonPolyA	Illumina_GA2x	Nist14
074	HPIEpC	RnaSeq	9012801.2	LID47253	N/A	cell	None	2x101D	2	total	Illumina_HiSeq_2000	Nist13
086	SK-N-SH	RnaPet	N/A	RHS016	086WC+pet	cell	N/A	2x36	4	longPolyA	Illumina_HiSeq_2000	N/A
010	HUVEC	Cage	7F3771	J79	010WC+cage	cell	N/A	1x36	2	longPolyA	Illumina_GA2x	N/A
088	A549	RnaSeq	N/A	LID46061	N/A	nucleus	None	1x101	4	shortTotal	Illumina_HiSeq_2000	N/A
015	MCF-7	RnaSeq	N/A	LID8824	015WC-	cell	None	2x76D	1	longNonPolyA	Illumina_GA2x	Nist14
028	NHEK	Cage	4F1155J	K20	028C+cage	cytosol	N/A	1x36	4	longPolyA	Illumina_GA2x	N/A
087	A549	RnaPet	N/A	RHA013	087N+pet	nucleus	N/A	2x36	3	longPolyA	Illumina_HiSeq_2000	N/A
046	IMR90	RnaPet	58607680	RHI004	046C+pet	cytosol	N/A	2x36	2	longPolyA	Illumina_HiSeq_2000	N/A
051	HVMF	Cage	6091203.3	CThi10034	051WC+cage	cell	N/A	1x50	1	longPolyA	Illumina_HiSeq_2000	N/A
087	A549	Cage	N/A	CThi10049	087C+cage	cytosol	N/A	1x50	3	longPolyA	Illumina_HiSeq_2000	N/A
087	A549	RnaPet	N/A	RHA009	087WC+pet	cell	N/A	2x36	3	longPolyA	Illumina_HiSeq_2000	N/A
086	SK-N-SH	RnaSeq	N/A	LID46271	N/A	cell	CIP-TAP	1x101	4	shortTotal	Illumina_HiSeq_2000	N/A
004	GM12878	RnaSeq	N/A	LID16630	004WC+	cell	None	2x76D	2	longPolyA	Illumina_GA2x	Nist14
003	GM12878	Cage	N/A	J93	003N+cage	nucleus	N/A	1x36	1	longPolyA	Illumina_GA2x	N/A
013	HepG2	RnaSeq	N/A	LID44462	013Ns	nucleus	TAP-Only	1x36	1	shortTotal	Illumina_GA2x	N/A
022	A549	RnaSeq	N/A	LID20750	022WCs	cell	TAP-Only	1x36	2	shortTotal	Illumina_GA2x	N/A
N/A	N/A	Cage	N/A	I69	N/A	N/A	N/A	N/A	N/A	N/A	Illumina_GA	N/A
087	A549	RnaPet	N/A	RHA011	087C+pet	cytosol	N/A	2x36	3	longPolyA	Illumina_HiSeq_2000	N/A
0111	GM12878	RnaPet	N/A	DHG002	0111N+pet	nucleus	N/A	N/A	111	longPolyA	Illumina_GA2	N/A
046	IMR90	RnaSeq	58607680	LID47263	N/A	cell	TAP-Only	1x101	2	shortTotal	Illumina_HiSeq_2000	N/A
079	HWP	RnaSeq	8120201.5	LID47254	N/A	cell	None	2x101D	1	total	Illumina_HiSeq_2000	Nist13
030	HUVEC	RnaSeq	7F3771	LID8691	030N+	nucleus	None	2x76D	4	longPolyA	Illumina_GA2x	Nist14
011	HeLa-S3	RnaSeq	N/A	LID8469	011C+	cytosol	None	2x76D	1	longPolyA	Illumina_GA2x	Nist14
086	SK-N-SH	RnaSeq	N/A	LID46599	086WC+	cell	None	2x101D	4	longPolyA	Illumina_HiSeq_2000	Nist14
003	GM12878	RnaSeq	N/A	LID20899	003WCs	cell	TAP-Only	1x36	1	shortTotal	Illumina_GA2x	N/A
040	Monocytes-CD14+	RnaSeq	RO01746	LID44361	040WCs	cell	TAP-Only	1x36	2	shortTotal	Illumina_GA2x	N/A
027	NHEK	RnaSeq	4F1155J	LID21001	027Ns	nucleus	TAP-Only	1x36	3	shortTotal	Illumina_GA2x	N/A
028	NHEK	RnaSeq	4F1155J	LID8798	028N+	nucleus	None	2x76D	4	longPolyA	Illumina_GA2x	Nist14
016	MCF-7	Cage	N/A	K11	016WC+cage	cell	N/A	1x36	2	longPolyA	Illumina_GA2x	N/A
081	NHEM.f_M2	RnaSeq	6022001	LID47611	N/A	cell	TAP-Only	1x101	1	shortTotal	Illumina_HiSeq_2000	N/A
012	HeLa-S3	RnaSeq	N/A	LID8470	012C+	cytosol	None	2x76D	2	longPolyA	Illumina_GA2x	Nist14
011	HeLa-S3	Cage	N/A	J80	011WC+cage	cell	N/A	1x36	1	longPolyA	Illumina_GA2x	N/A
001	K562	RnaSeq	N/A	LID8659	001WC-	cell	None	2x76D	1	longNonPolyA	Illumina_GA2x	Nist14
085	SK-N-SH	RnaSeq	N/A	LID46274	N/A	cytosol	CIP-TAP	1x101	3	shortTotal	Illumina_HiSeq_2000	N/A
051	HVMF	RnaSeq	6091203.3	LID47249	N/A	cell	None	2x101D	1	total	Illumina_HiSeq_2000	Nist13
018	AG04450	RnaSeq	N/A	LID20746	018WCs	cell	TAP-Only	1x36	2	shortTotal	Illumina_GA2x	N/A
045	IMR90	RnaPet	58607680	RHI001	045WC+pet	cell	N/A	2x36	1	longPolyA	Illumina_HiSeq_2000	N/A
0124	HeLa-S3	RnaPet	N/A	RHH004	0124N+pet	nucleus	N/A	2x36	124	longPolyA	Illumina_GA2x	N/A
0114	H1-hESC	RnaPet	N/A	IHE001	0114WC+pet	cell	N/A	2x36	114	longPolyA	Illumina_GA2x	N/A
057	HAoEC	RnaSeq	7071706.1	LID47022	057WCt	cell	None	2x101D	1	total	Illumina_HiSeq_2000	Nist13
015	MCF-7	Cage	N/A	K07	015WC+cage	cell	N/A	1x36	1	longPolyA	Illumina_GA2x	N/A
045	IMR90	RnaSeq	58607680	LID45888	N/A	cytosol	CIP-TAP	1x101	1	shortTotal	Illumina_HiSeq_2000	N/A
013	HepG2	RnaSeq	N/A	LID44460	013WCs	cell	TAP-Only	1x36	1	shortTotal	Illumina_GA2x	N/A
007	NHEK	RnaSeq	4F1155J	LID20999	007WCs	cell	TAP-Only	1x36	1	shortTotal	Illumina_GA2x	N/A
024	HSMM	RnaSeq	N/A	LID8827	024WC-	cell	None	2x76D	2	longNonPolyA	Illumina_GA2x	Nist14
N/A	N/A	Cage	N/A	I40	N/A	N/A	N/A	N/A	N/A	N/A	Illumina_GA	N/A
045	IMR90	Cage	58607680	CThi10025	045N+cage	nucleus	N/A	1x50	1	longPolyA	Illumina_HiSeq_2000	N/A
046	IMR90	RnaSeq	58607680	LID45887	N/A	nucleus	CIP-TAP	1x101	2	shortTotal	Illumina_HiSeq_2000	N/A
001	K562	RnaSeq	N/A	LID9195	001N-	nucleus	None	2x76D	1	longNonPolyA	Illumina_GA2x	Nist14
021	A549	RnaSeq	N/A	LID9005	021WC-	cell	None	2x76D	1	longNonPolyA	Illumina_GA2x	Nist14
003	GM12878	RnaSeq	N/A	LID16629	003WC+	cell	None	2x76D	1	longPolyA	Illumina_GA2x	Nist14
023	HSMM	RnaSeq	N/A	LID8710	023WC+	cell	None	2x76D	1	longPolyA	Illumina_GA2x	Nist14
086	SK-N-SH	RnaSeq	N/A	LID46275	N/A	cytosol	CIP-TAP	1x101	4	shortTotal	Illumina_HiSeq_2000	N/A
088	A549	RnaSeq	N/A	LID46103	N/A	cytosol	CIP-TAP	1x101	4	shortTotal	Illumina_HiSeq_2000	N/A
073	HPIEpC	RnaSeq	9041503.2	LID47519	N/A	cell	TAP-Only	1x101	1	shortTotal	Illumina_HiSeq_2000	N/A
011	HeLa-S3	RnaSeq	N/A	LID8559	011N+	nucleus	None	2x76D	1	longPolyA	Illumina_GA2x	Nist14
089	MCF-7	RnaSeq	N/A	LID47162	N/A	cytosol	TAP-Only	1x101	3	shortTotal	Illumina_HiSeq_2000	N/A
013	HepG2	Cage	N/A	J98	013N+cage	nucleus	N/A	1x36	1	longPolyA	Illumina_GA2x	N/A
087	A549	RnaSeq	N/A	LID46058	N/A	cell	None	1x101	3	shortTotal	Illumina_HiSeq_2000	N/A
089	MCF-7	RnaSeq	N/A	LID47160	N/A	cell	TAP-Only	1x101	3	shortTotal	Illumina_HiSeq_2000	N/A
086	SK-N-SH	RnaPet	N/A	RHS018	086C+pet	cytosol	N/A	2x36	4	longPolyA	Illumina_HiSeq_2000	N/A
070	hMSC-UC	RnaSeq	0081101.7	LID47300	N/A	cell	N/A	2x101D	2	total	Illumina_HiSeq_2000	Nist13
012	HeLa-S3	RnaSeq	N/A	LID21148	012Cs	cytosol	TAP-Only	1x36	2	shortTotal	Illumina_GA2x	N/A
001	K562	RnaSeq	N/A	LID16627	001WC+	cell	None	2x76D	1	longPolyA	Illumina_GA2x	Nist14
003	GM12878	RnaSeq	N/A	LID8467	003C+	cytosol	None	2x76D	1	longPolyA	Illumina_GA2x	Nist14
095	H1-neurons	RnaSeq	Cellular Dyn	LID48355	N/A	cell	TAP-Only	1x101	1	shortTotal	Illumina_HiSeq_2000	N/A
N/A	N/A	Cage	N/A	I34	N/A	N/A	N/A	N/A	N/A	N/A	Illumina_Classic	N/A
086	SK-N-SH	RnaPet	N/A	RHS020	086N+pet	nucleus	N/A	2x36	4	longPolyA	Illumina_HiSeq_2000	N/A
058	HAoEC	RnaSeq	8061102.1	LID47436	N/A	cell	TAP-Only	1x101	2	shortTotal	Illumina_HiSeq_2000	N/A
085	SK-N-SH	RnaSeq	N/A	LID46960	N/A	nucleus	TAP-Only	1x101	3	shortTotal	Illumina_HiSeq_2000	N/A
0141	K562	RnaSeq	N/A	crg-55	0141C+	cytosol	N/A	N/A	141	longPolyA	N/A	N/A
089	MCF-7	RnaPet	N/A	RHM046	089WC+pet	cell	N/A	2x36	3	longPolyA	Illumina_HiSeq_2000	N/A
088	A549	RnaPet	N/A	RHA012	088C+pet	cytosol	N/A	2x36	4	longPolyA	Illumina_HiSeq_2000	N/A
045	IMR90	Cage	58607680	CThi10017	045C+cage	cytosol	N/A	1x50	1	longPolyA	Illumina_HiSeq_2000	N/A
007	NHEK	RnaSeq	4F1155J	LID16631	007WC+	cell	None	2x76D	1	longPolyA	Illumina_GA2x	Nist14
053	HOB	RnaSeq	0091301	LID47251	N/A	cell	None	2x101D	1	total	Illumina_HiSeq_2000	Nist13
086	SK-N-SH	RnaSeq	N/A	LID46273	N/A	nucleus	CIP-TAP	1x101	4	shortTotal	Illumina_HiSeq_2000	N/A
002	K562	RnaSeq	N/A	LID8466	002C+	cytosol	None	2x76D	2	longPolyA	Illumina_GA2x	Nist14
021	A549	RnaSeq	N/A	LID8963	021WC+	cell	None	2x76D	1	longPolyA	Illumina_GA2x	Nist14
0105	GM12878	RnaPet	N/A	DHG001	0105C+pet	cytosol	N/A	N/A	105	longPolyA	Illumina_GA2	N/A
002	K562	Cage	N/A	J92	002N+cage	nucleus	N/A	1x36	2	longPolyA	Illumina_GA2x	N/A
086	SK-N-SH	Cage	N/A	CThi10048	086N+cage	nucleus	N/A	1x50	4	longPolyA	Illumina_HiSeq_2000	N/A
001	K562	Cage	N/A	J70	001WC+cage	cell	N/A	1x36	1	longPolyA	Illumina_GA2x	N/A
029	HUVEC	RnaSeq	7F3771	LID18556	029C-	cytosol	None	2x76D	3	longNonPolyA	Illumina_GA2x	Nist14
081	NHEM.f_M2	Cage	6022001	CThi10102CTT	081WC+cage	cell	N/A	1x50	1	longPolyA	Illumina_HiSeq_2000	N/A
N/A	N/A	Cage	N/A	J59	N/A	N/A	N/A	N/A	N/A	N/A	Illumina_GA2x	N/A
013	HepG2	RnaSeq	N/A	LID8471	013C+	cytosol	None	2x76D	1	longPolyA	Illumina_GA2x	Nist14
052	HVMF	Cage	6100401.3	CThi10035	052WC+cage	cell	N/A	1x50	2	longPolyA	Illumina_HiSeq_2000	N/A
096	H1-neurons	RnaSeq	Cellular Dyn	LID48356	N/A	cell	TAP-Only	1x101	2	shortTotal	Illumina_HiSeq_2000	N/A
050	NHDF	RnaSeq	0060801.3	LID47248	N/A	cell	None	2x101D	2	total	Illumina_HiSeq_2000	Nist13
008	NHEK	Cage	4F1155J	J77	008WC+cage	cell	N/A	1x36	2	longPolyA	Illumina_GA2x	N/A
089	MCF-7	RnaPet	N/A	RHM054	089N+pet	nucleus	N/A	2x36	3	longPolyA	Illumina_HiSeq_2000	N/A
012	HeLa-S3	RnaSeq	N/A	LID18551	012C-	cytosol	None	2x76D	2	longNonPolyA	Illumina_GA2x	Nist14
091	GM12878	RnaSeq	N/A	LID47653	N/A	nucleolus	TAP-Only	1x101	3	shortTotal	Illumina_HiSeq_2000	N/A
046	IMR90	RnaSeq	58607680	LID45111	N/A	cell	CIP-TAP	1x101	2	shortTotal	Illumina_HiSeq_2000	N/A
072	HPC-PL	RnaSeq	0032601.13	LID47518	N/A	cell	TAP-Only	1x101	2	shortTotal	Illumina_HiSeq_2000	N/A
045	IMR90	RnaSeq	58607680	LID45955	N/A	nucleus	None	1x101	1	shortTotal	Illumina_HiSeq_2000	N/A
011	HeLa-S3	RnaSeq	N/A	LID8790	011WC-	cell	None	2x76D	1	longNonPolyA	Illumina_GA2x	Nist14
092	GM12878	RnaSeq	N/A	LID47656	N/A	chromatin	TAP-Only	1x101	4	shortTotal	Illumina_HiSeq_2000	N/A
058	HAoEC	RnaSeq	8061102.1	LID47023	058WCt	cell	None	2x101D	2	total	Illumina_HiSeq_2000	Nist13
011	HeLa-S3	Cage	N/A	J87	011C+cage	cytosol	N/A	1x36	1	longPolyA	Illumina_GA2x	N/A
017	AG04450	Cage	N/A	K12	017WC+cage	cell	N/A	1x36	1	longPolyA	Illumina_GA2x	N/A
N/A	N/A	Cage	N/A	I70	N/A	N/A	N/A	N/A	N/A	N/A	Illumina_GA	N/A
013	HepG2	RnaSeq	N/A	LID18552	013C-	cytosol	None	2x76D	1	longNonPolyA	Illumina_GA2x	Nist14
046	IMR90	RnaSeq	58607680	LID45889	N/A	cytosol	CIP-TAP	1x101	2	shortTotal	Illumina_HiSeq_2000	N/A
016	MCF-7	RnaSeq	N/A	LID8825	016WC-	cell	None	2x76D	2	longNonPolyA	Illumina_GA2x	Nist14
045	IMR90	Cage	58607680	CThi10016	045WC+cage	cell	N/A	1x50	1	longPolyA	Illumina_HiSeq_2000	N/A
017	AG04450	RnaSeq	N/A	LID20745	017WCs	cell	TAP-Only	1x36	1	shortTotal	Illumina_GA2x	N/A
048	SkMC	RnaSeq	8121902.17	LID47240	N/A	cell	TAP-Only	1x101	2	shortTotal	Illumina_HiSeq_2000	N/A
090	MCF-7	RnaSeq	N/A	LID47163	N/A	cytosol	TAP-Only	1x101	4	shortTotal	Illumina_HiSeq_2000	N/A
072	HPC-PL	RnaSeq	0032601.13	LID47104	N/A	cell	None	2x101D	2	total	Illumina_HiSeq_2000	Nist13
038	BJ	RnaSeq	N/A	LID9008	038WC-	cell	None	2x76D	2	longNonPolyA	Illumina_GA2x	Nist14
077	hMNC-PB	RnaSeq	0082430.9	LID47807	N/A	cell	None	2x101D	1	total	Illumina_HiSeq_2000	Nist13
012	HeLa-S3	RnaSeq	N/A	LID8791	012WC-	cell	None	2x76D	2	longNonPolyA	Illumina_GA2x	Nist14
025	K562	RnaSeq	N/A	LID8928	025NLs	nucleolus	TAP-Only	1x36	3	shortTotal	Illumina_GA2x	N/A
0160	prostate	RnaPet	N/A	DHP001	0160WC+pet	cell	N/A	N/A	160	longPolyA	Illumina_GA2	N/A
0102	GM12878	RnaSeq	N/A	crg-7	0102WCt	cell	N/A	N/A	102	total	N/A	N/A
090	MCF-7	RnaSeq	N/A	LID46459	090WCs	cell	CIP-TAP	1x101	4	shortTotal	Illumina_HiSeq_2000	N/A
038	BJ	RnaSeq	N/A	LID20910	038WCs	cell	TAP-Only	1x36	2	shortTotal	Illumina_GA2x	N/A
090	MCF-7	RnaSeq	N/A	LID46312	090WCs	cell	None	1x101	4	shortTotal	Illumina_HiSeq_2000	N/A
011	HeLa-S3	RnaSeq	N/A	LID9200	011N-	nucleus	None	2x76D	1	longNonPolyA	Illumina_GA2x	Nist14
045	IMR90	RnaSeq	58607680	LID45886	N/A	nucleus	CIP-TAP	1x101	1	shortTotal	Illumina_HiSeq_2000	N/A
027	NHEK	Cage	4F1155J	K08	027C+cage	cytosol	N/A	1x36	3	longPolyA	Illumina_GA2x	N/A
090	MCF-7	Cage	N/A	CThi10053	090C+cage	cytosol	N/A	1x50	4	longPolyA	Illumina_HiSeq_2000	N/A
0138	K562	RnaPet	N/A	IHK009010015	0138C+pet	cytosol	N/A	N/A	138	longPolyA	Illumina_GA2x	N/A
084	NHEM_M2	RnaSeq	7011001.2	LID47259	N/A	cell	None	2x101D	2	total	Illumina_HiSeq_2000	Nist13
N/A	N/A	Cage	N/A	I35	N/A	N/A	N/A	N/A	N/A	N/A	Illumina_Classic	N/A
006	H1-hESC	RnaSeq	N/A	LID8558	006N+	nucleus	None	2x76D	2	longPolyA	Illumina_GA2x	Nist14
084	NHEM_M2	RnaSeq	7011001.2	LID47614	N/A	cell	TAP-Only	1x101	2	shortTotal	Illumina_HiSeq_2000	N/A
043	CD34+_Mobilized	Cage	N/A	CThi10058	043WC+cage	cell	N/A	1x50	1	longPolyA	Illumina_HiSeq_2000	N/A
027	NHEK	RnaSeq	4F1155J	LID9204	027N-	nucleus	None	2x76D	3	longNonPolyA	Illumina_GA2x	Nist14
045	IMR90	RnaSeq	58607680	LID45613	045C+	nucleus	None	2x101D	1	longPolyA	Illumina_HiSeq_2000	Nist14
0133	K562	RnaSeq	N/A	crg-32	0133CHs	chromatin	N/A	N/A	133	shortTotal	N/A	N/A
046	IMR90	RnaSeq	58607680	LID45635	046C+	nucleus	None	2x101D	2	longPolyA	Illumina_HiSeq_2000	Nist14
045	IMR90	RnaSeq	58607680	LID45016	045WC+	cell	None	2x101D	1	longPolyA	Illumina_HiSeq_2000	Nist14
090	MCF-7	RnaSeq	N/A	LID47161	N/A	cell	TAP-Only	1x101	4	shortTotal	Illumina_HiSeq_2000	N/A
045	IMR90	RnaSeq	58607680	LID45108	N/A	cell	CIP-TAP	1x101	1	shortTotal	Illumina_HiSeq_2000	N/A
012	HeLa-S3	Cage	N/A	J97	012N+cage	nucleus	N/A	1x36	2	longPolyA	Illumina_GA2x	N/A
088	A549	RnaSeq	N/A	LID47044	N/A	nucleus	TAP-Only	1x101	4	shortTotal	Illumina_HiSeq_2000	N/A
045	IMR90	RnaSeq	58607680	LID47266	N/A	nucleus	TAP-Only	1x101	1	shortTotal	Illumina_HiSeq_2000	N/A
085	SK-N-SH	RnaSeq	N/A	LID46598	085WC+	cell	None	2x101D	3	longPolyA	Illumina_HiSeq_2000	Nist14
089	MCF-7	RnaPet	N/A	RHM044	089C+pet	cytosol	N/A	2x36	3	longPolyA	Illumina_HiSeq_2000	N/A
012	HeLa-S3	RnaSeq	N/A	LID21146	012WCs	cell	TAP-Only	1x36	2	shortTotal	Illumina_GA2x	N/A
069	hMSC-UC	Cage	0052501.7	CThi10101CTT	069WC+cage	cell	N/A	1x50	1	longPolyA	Illumina_HiSeq_2000	N/A
088	A549	RnaPet	N/A	RHA014	088N+pet	nucleus	N/A	2x36	4	longPolyA	Illumina_HiSeq_2000	N/A
004	GM12878	RnaSeq	N/A	LID18548	004C-	cytosol	None	2x76D	2	longNonPolyA	Illumina_GA2x	Nist14
094	HSaVEC	Cage	9100101.15	CThi10102ATC	094WC+cage	cell	N/A	1x50	2	longPolyA	Illumina_HiSeq_2000	N/A
037	BJ	RnaSeq	N/A	LID20909	037WCs	cell	TAP-Only	1x36	1	shortTotal	Illumina_GA2x	N/A
026	K562	RnaSeq	N/A	LID9190	026NPt	nucleoplasm	None	2x76D	4	total	Illumina_GA2x	Nist14
041	CD20+	RnaSeq	RO01794	LID44659	041WC-	cell	None	2x76D	1	longNonPolyA	Illumina_GA2x	Nist14
090	MCF-7	RnaPet	N/A	RHM047	090WC+pet	cell	N/A	2x36	4	longPolyA	Illumina_HiSeq_2000	N/A
004	GM12878	Cage	N/A	J85	004C+cage	cytosol	N/A	1x36	2	longPolyA	Illumina_GA2x	N/A
006	H1-hESC	RnaSeq	N/A	LID18549	006C-	cytosol	None	2x76D	2	longNonPolyA	Illumina_GA2x	Nist14
094	HSaVEC	RnaSeq	9100101.15	LID47261	N/A	cell	None	2x101D	2	total	Illumina_HiSeq_2000	Nist13
094	HSaVEC	RnaSeq	9100101.15	LID47616	N/A	cell	TAP-Only	1x101	2	shortTotal	Illumina_HiSeq_2000	N/A
090	MCF-7	Cage	N/A	CThi10054	090N+cage	nucleus	N/A	1x50	4	longPolyA	Illumina_HiSeq_2000	N/A
084	NHEM_M2	Cage	7011001.2	CThi10102GAT	084WC+cage	cell	N/A	1x50	2	longPolyA	Illumina_HiSeq_2000	N/A
008	NHEK	RnaSeq	4F1155J	LID16632	008WC+	cell	None	2x76D	2	longPolyA	Illumina_GA2x	Nist14
023	HSMM	RnaSeq	N/A	LID8826	023WC-	cell	None	2x76D	1	longNonPolyA	Illumina_GA2x	Nist14
038	BJ	Cage	N/A	K19	038WC+cage	cell	N/A	1x36	2	longPolyA	Illumina_GA2x	N/A
0139	K562	RnaSeq	N/A	crg-48	0139C+	cytosol	N/A	N/A	139	longPolyA	N/A	N/A
095	H1-neurons	RnaSeq	Cellular Dyn	LID48353	N/A	cell	CIP-TAP	1x101	1	shortTotal	Illumina_HiSeq_2000	N/A
006	H1-hESC	RnaSeq	N/A	LID20907	006Ns	nucleus	TAP-Only	1x36	2	shortTotal	Illumina_GA2x	N/A
066	hMSC-AT	Cage	9061601.12	CThi10104GAT	066WC+cage	cell	N/A	1x50	2	longPolyA	Illumina_HiSeq_2000	N/A
0108	GM12878	RnaSeq	N/A	crg-4	0108Cs	cytosol	N/A	N/A	108	shortTotal	N/A	N/A
018	AG04450	RnaSeq	N/A	LID9002	018WC-	cell	None	2x76D	2	longNonPolyA	Illumina_GA2x	Nist14
086	SK-N-SH	RnaSeq	N/A	LID46597	086N+	nucleus	None	2x101D	4	longPolyA	Illumina_HiSeq_2000	Nist14
093	HSaVEC	Cage	0022202.16	CThi10102ACA	093WC+cage	cell	N/A	1x50	1	longPolyA	Illumina_HiSeq_2000	N/A
030	HUVEC	RnaSeq	7F3771	LID9207	030N-	nucleus	None	2x76D	4	longNonPolyA	Illumina_GA2x	Nist14
N/A	N/A	Cage	N/A	I33	N/A	N/A	N/A	N/A	N/A	N/A	Illumina_Classic	N/A
016	MCF-7	RnaSeq	N/A	LID20744	016WCs	cell	TAP-Only	1x36	2	shortTotal	Illumina_GA2x	N/A
054	HOB	RnaSeq	0090202.1	LID47252	N/A	cell	None	2x101D	2	total	Illumina_HiSeq_2000	Nist13
071	HPC-PL	RnaSeq	0101504.13	LID47517	N/A	cell	TAP-Only	1x101	1	shortTotal	Illumina_HiSeq_2000	N/A
002	K562	RnaSeq	N/A	LID8557	002N+	nucleus	None	2x76D	2	longPolyA	Illumina_GA2x	Nist14
005	H1-hESC	RnaSeq	N/A	LID8461	005WC+	cell	None	2x76D	1	longPolyA	Illumina_GA2x	Nist14
087	A549	RnaSeq	N/A	LID47039	N/A	cell	TAP-Only	1x101	3	shortTotal	Illumina_HiSeq_2000	N/A
0161	prostate	RnaSeq	N/A	crg-61	0161WCs	cell	N/A	N/A	161	shortTotal	N/A	N/A
088	A549	Cage	N/A	CThi10060	088N+cage	nucleus	N/A	1x50	4	longPolyA	Illumina_HiSeq_2000	N/A
063	HMEpC	RnaSeq	6022801.3	LID47657	N/A	cell	TAP-Only	1x101	1	shortTotal	Illumina_HiSeq_2000	N/A
N/A	N/A	Cage	N/A	I67	N/A	N/A	N/A	N/A	N/A	N/A	Illumina_GA	N/A
085	SK-N-SH	RnaSeq	N/A	LID46201	N/A	cell	None	1x101	3	shortTotal	Illumina_HiSeq_2000	N/A
085	SK-N-SH	RnaPet	N/A	RHS019	085N+pet	nucleus	N/A	2x36	3	longPolyA	Illumina_HiSeq_2000	N/A
056	HAoAF	RnaSeq	6090101.11	LID47434	N/A	cell	TAP-Only	1x101	2	shortTotal	Illumina_HiSeq_2000	N/A
020	SK-N-SH_RA	RnaSeq	N/A	LID8968	020WC+	cell	None	2x76D	2	longPolyA	Illumina_GA2x	Nist14
050	NHDF	RnaSeq	0060801.3	LID47242	N/A	cell	TAP-Only	1x101	2	shortTotal	Illumina_HiSeq_2000	N/A
026	K562	RnaSeq	N/A	LID9186	026CHt	chromatin	None	2x76D	4	total	Illumina_GA2x	Nist14
069	hMSC-UC	RnaSeq	0052501.7	LID47299	N/A	cell	N/A	2x101D	1	total	Illumina_HiSeq_2000	Nist13
006	H1-hESC	RnaSeq	N/A	LID8664	006WC-	cell	None	2x76D	2	longNonPolyA	Illumina_GA2x	Nist14
085	SK-N-SH	RnaSeq	N/A	LID46596	085N+	nucleus	None	2x101D	3	longPolyA	Illumina_HiSeq_2000	Nist14
014	HepG2	RnaSeq	N/A	LID8793	014WC-	cell	None	2x76D	2	longNonPolyA	Illumina_GA2x	Nist14
014	HepG2	Cage	N/A	J99	014N+cage	nucleus	N/A	1x36	2	longPolyA	Illumina_GA2x	N/A
001	K562	Cage	N/A	J91	001N+cage	nucleus	N/A	1x36	1	longPolyA	Illumina_GA2x	N/A
028	NHEK	RnaSeq	4F1155J	LID8796	028C+	cytosol	None	2x76D	4	longPolyA	Illumina_GA2x	Nist14
089	MCF-7	RnaSeq	N/A	LID46857	089C+	cytosol	None	2x101D	3	longPolyA	Illumina_HiSeq_2000	Nist14
N/A	N/A	Cage	N/A	I23	N/A	N/A	N/A	N/A	N/A	N/A	Solid	N/A
046	IMR90	Cage	58607680	CThi10018	046WC+cage	cell	N/A	1x50	2	longPolyA	Illumina_HiSeq_2000	N/A
0112	GM12878	RnaSeq	N/A	crg-6	0112Ns	nucleus	N/A	N/A	112	shortTotal	N/A	N/A
059	HCH	Cage	0011308.2P	CThi10104CTT	059WC+cage	cell	N/A	1x50	1	longPolyA	Illumina_HiSeq_2000	N/A
083	NHEM_M2	RnaSeq	7012303	LID47613	N/A	cell	TAP-Only	1x101	1	shortTotal	Illumina_HiSeq_2000	N/A
009	HUVEC	RnaSeq	7F3771	LID8788	009WC-	cell	None	2x76D	1	longNonPolyA	Illumina_GA2x	Nist14
070	hMSC-UC	RnaSeq	0081101.7	LID47516	N/A	cell	TAP-Only	1x101	2	shortTotal	Illumina_HiSeq_2000	N/A
0126	HepG2	RnaPet	N/A	DHH002	0126C+pet	cytosol	N/A	N/A	126	longPolyA	Illumina_GA2	N/A
003	GM12878	RnaSeq	N/A	LID20901	003Cs	cytosol	TAP-Only	1x36	1	shortTotal	Illumina_GA2x	N/A
051	HVMF	RnaSeq	6091203.3	LID47243	N/A	cell	TAP-Only	1x101	1	shortTotal	Illumina_HiSeq_2000	N/A
046	IMR90	RnaSeq	58607680	LID45612	046N+	cytosol	None	2x101D	2	longPolyA	Illumina_HiSeq_2000	Nist14
056	HAoAF	RnaSeq	6090101.11	LID47021	056WCt	cell	None	2x101D	2	total	Illumina_HiSeq_2000	Nist13
0117	HUVEC	RnaPet	N/A	RHH003	0117C+pet	cytosol	N/A	2x36	117	longPolyA	Illumina_GA2x	N/A
040	Monocytes-CD14+	RnaSeq	RO01746	LID44658	040WC-	cell	None	2x76D	2	longNonPolyA	Illumina_GA2x	Nist14
002	K562	RnaSeq	N/A	LID10568	002WCs	cell	TAP-Only	1x36	2	shortTotal	Illumina_GA2x	N/A
026	K562	RnaSeq	N/A	LID18558	026NLs	nucleolus	TAP-Only	1x36	4	shortTotal	Illumina_GA2x	N/A
046	IMR90	RnaSeq	58607680	LID45017	046WC+	cell	None	2x101D	2	longPolyA	Illumina_HiSeq_2000	Nist14
N/A	N/A	Cage	N/A	I42	N/A	N/A	N/A	N/A	N/A	N/A	Illumina_GA	N/A
0156	NHEK	RnaPet	N/A	IHN011	0156C+pet	cytosol	N/A	2x36	156	longPolyA	Illumina_GA2x	N/A
006	H1-hESC	RnaSeq	N/A	LID8462	006WC+	cell	None	2x76D	2	longPolyA	Illumina_GA2x	Nist14
0103	GM12878	RnaSeq	N/A	crg-12	0103WCt	cell	N/A	N/A	103	total	N/A	N/A
080	HWP	Cage	0092205	CThi10101ATC	080WC+cage	cell	N/A	1x50	2	longPolyA	Illumina_HiSeq_2000	N/A
076	hMNC-CB	RnaSeq	9111701.6	LID47806	N/A	cell	None	2x101D	2	total	Illumina_HiSeq_2000	Nist13
041	CD20+	Cage	RO01794	CThi10023	041WC+cage	cell	N/A	1x50	1	longPolyA	Illumina_HiSeq_2000	N/A
014	HepG2	RnaSeq	N/A	LID44463	014Ns	nucleus	TAP-Only	1x36	2	shortTotal	Illumina_GA2x	N/A
006	H1-hESC	RnaSeq	N/A	LID8536	006C+	cytosol	None	2x76D	2	longPolyA	Illumina_GA2x	Nist14
0129	HepG2	RnaPet	N/A	DHH003	0129N+pet	nucleus	N/A	N/A	129	longPolyA	Illumina_GA2	N/A
087	A549	RnaSeq	N/A	LID46100	N/A	nucleus	CIP-TAP	1x101	3	shortTotal	Illumina_HiSeq_2000	N/A
003	GM12878	RnaSeq	N/A	LID8532	003N+	nucleus	None	2x76D	1	longPolyA	Illumina_GA2x	Nist14
045	IMR90	RnaSeq	58607680	LID45107	N/A	cell	None	1x101	1	shortTotal	Illumina_HiSeq_2000	N/A
001	K562	RnaSeq	N/A	LID8465	001C+	cytosol	None	2x76D	1	longPolyA	Illumina_GA2x	Nist14
002	K562	RnaSeq	N/A	LID10569	002Ns	nucleus	TAP-Only	1x36	2	shortTotal	Illumina_GA2x	N/A
063	HMEpC	RnaSeq	6022801.3	LID47096	N/A	cell	None	2x101D	1	total	Illumina_HiSeq_2000	Nist13
057	HAoEC	RnaSeq	7071706.1	LID47435	N/A	cell	TAP-Only	1x101	1	shortTotal	Illumina_HiSeq_2000	N/A
N/A	N/A	Cage	N/A	I22	N/A	N/A	N/A	N/A	N/A	N/A	Solid	N/A
011	HeLa-S3	RnaSeq	N/A	LID16633	011WC+	cell	None	2x76D	1	longPolyA	Illumina_GA2x	Nist14
087	A549	RnaSeq	N/A	LID46062	N/A	cytosol	None	1x101	3	shortTotal	Illumina_HiSeq_2000	N/A
052	HVMF	RnaSeq	6100401.3	LID47250	N/A	cell	None	2x101D	2	total	Illumina_HiSeq_2000	Nist13
096	H1-neurons	RnaSeq	Cellular Dyn	LID48354	N/A	cell	CIP-TAP	1x101	2	shortTotal	Illumina_HiSeq_2000	N/A
010	HUVEC	RnaSeq	7F3771	LID8464	010WC+	cell	None	2x76D	2	longPolyA	Illumina_GA2x	Nist14
001	K562	RnaSeq	N/A	LID8556	001N+	nucleus	None	2x76D	1	longPolyA	Illumina_GA2x	Nist14
045	IMR90	RnaSeq	58607680	LID47264	N/A	cytosol	TAP-Only	1x101	1	shortTotal	Illumina_HiSeq_2000	N/A
089	MCF-7	RnaSeq	N/A	LID47164	N/A	nucleus	TAP-Only	1x101	3	shortTotal	Illumina_HiSeq_2000	N/A
012	HeLa-S3	RnaSeq	N/A	LID21147	012Ns	nucleus	TAP-Only	1x36	2	shortTotal	Illumina_GA2x	N/A
046	IMR90	RnaPet	58607680	RHI002	046WC+pet	cell	N/A	2x36	2	longPolyA	Illumina_HiSeq_2000	N/A
007	NHEK	RnaSeq	4F1155J	LID8665	007WC-	cell	None	2x76D	1	longNonPolyA	Illumina_GA2x	Nist14
035	NHEK	RnaSeq	N/A	LID8694	035WC+	cell	None	2x76D	5	longPolyA	Illumina_GA2x	Nist14
087	A549	RnaSeq	N/A	LID46098	N/A	cell	CIP-TAP	1x101	3	shortTotal	Illumina_HiSeq_2000	N/A
039	Monocytes-CD14+	RnaSeq	RO01746	LID44360	039WCs	cell	TAP-Only	1x36	1	shortTotal	Illumina_GA2x	N/A
0150	K562	RnaPet	N/A	DHK006	0150N+pet	nucleus	N/A	N/A	150	longPolyA	Illumina_GA2	N/A
002	K562	RnaSeq	N/A	LID16628	002WC+	cell	None	2x76D	2	longPolyA	Illumina_GA2x	Nist14
093	HSaVEC	RnaSeq	0022202.16	LID47615	N/A	cell	TAP-Only	1x101	1	shortTotal	Illumina_HiSeq_2000	N/A
002	K562	RnaSeq	N/A	LID9196	002N-	nucleus	None	2x76D	2	longNonPolyA	Illumina_GA2x	Nist14
016	MCF-7	RnaSeq	N/A	LID8687	016WC+1	cell	None	2x76D	2	longPolyA	Illumina_GA2x	Nist14
004	GM12878	RnaSeq	N/A	LID8533	004N+	nucleus	None	2x76D	2	longPolyA	Illumina_GA2x	Nist14
0107	GM12878	RnaPet	N/A	IHG024	0107C+pet	cytosol	N/A	2x36	107	longPolyA	Illumina_GA2x	N/A
089	MCF-7	RnaSeq	N/A	LID46311	089WCs	cell	None	1x101	3	shortTotal	Illumina_HiSeq_2000	N/A
082	NHEM.f_M2	RnaSeq	5071302.2	LID47257	N/A	cell	None	2x101D	2	total	Illumina_HiSeq_2000	Nist13
027	NHEK	RnaSeq	4F1155J	LID8797	027N+	nucleus	None	2x76D	3	longPolyA	Illumina_GA2x	Nist14
050	NHDF	Cage	0060801.3	CThi10033	050WC+cage	cell	N/A	1x50	2	longPolyA	Illumina_HiSeq_2000	N/A
013	HepG2	RnaSeq	N/A	LID8792	013WC-	cell	None	2x76D	1	longNonPolyA	Illumina_GA2x	Nist14
0162	HUVEC	Cage	N/A	CTig10027	N/A	nucleus	N/A	1x36	162	longNonPolyA	Illumina_GA2x	N/A
088	A549	RnaSeq	N/A	LID47042	N/A	cytosol	TAP-Only	1x101	4	shortTotal	Illumina_HiSeq_2000	N/A
046	IMR90	Cage	58607680	CThi10019	046C+cage	cytosol	N/A	1x50	2	longPolyA	Illumina_HiSeq_2000	N/A
N/A	N/A	Cage	N/A	I71	N/A	N/A	N/A	N/A	N/A	N/A	Illumina_GA	N/A
049	NHDF	RnaSeq	7071701.2	LID47241	N/A	cell	TAP-Only	1x101	1	shortTotal	Illumina_HiSeq_2000	N/A
019	SK-N-SH_RA	RnaSeq	N/A	LID9003	019WC-	cell	None	2x76D	1	longNonPolyA	Illumina_GA2x	Nist14
037	BJ	RnaSeq	N/A	LID8969	037WC+	cell	None	2x76D	1	longPolyA	Illumina_GA2x	Nist14
089	MCF-7	Cage	N/A	CThi10052	089N+cage	nucleus	N/A	1x50	3	longPolyA	Illumina_HiSeq_2000	N/A
079	HWP	RnaSeq	8120201.5	LID47609	N/A	cell	TAP-Only	1x101	1	shortTotal	Illumina_HiSeq_2000	N/A
014	HepG2	Cage	N/A	J90	014C+cage	cytosol	N/A	1x36	2	longPolyA	Illumina_GA2x	N/A
046	IMR90	Cage	58607680	CThi10026	046N+cage	nucleus	N/A	1x50	2	longPolyA	Illumina_HiSeq_2000	N/A
046	IMR90	RnaSeq	58607680	LID45956	N/A	nucleus	None	1x101	2	shortTotal	Illumina_HiSeq_2000	N/A
060	HCH	RnaSeq	8100808.2	LID47476	N/A	cell	TAP-Only	1x101	2	shortTotal	Illumina_HiSeq_2000	N/A
066	hMSC-AT	RnaSeq	9061601.12	LID47098	N/A	cell	None	2x101D	2	total	Illumina_HiSeq_2000	Nist13
N/A	N/A	Cage	N/A	I32	N/A	N/A	N/A	N/A	N/A	N/A	Illumina_Classic	N/A
090	MCF-7	RnaSeq	N/A	LID47165	N/A	nucleus	TAP-Only	1x101	4	shortTotal	Illumina_HiSeq_2000	N/A
014	HepG2	Cage	N/A	K02	014WC+cage	cell	N/A	1x36	2	longPolyA	Illumina_GA2x	N/A
026	K562	RnaSeq	N/A	LID18559	026NPs	nucleoplasm	TAP-Only	1x36	4	shortTotal	Illumina_GA2x	N/A
006	H1-hESC	Cage	N/A	J86	006C+cage	cytosol	N/A	1x36	2	longPolyA	Illumina_GA2x	N/A
004	GM12878	RnaSeq	N/A	LID20902	004WCs	cell	TAP-Only	1x36	2	shortTotal	Illumina_GA2x	N/A
012	HeLa-S3	RnaSeq	N/A	LID16634	012WC+	cell	None	2x76D	2	longPolyA	Illumina_GA2x	Nist14
090	MCF-7	RnaSeq	N/A	LID46314	090Ns	nucleus	None	1x101	4	shortTotal	Illumina_HiSeq_2000	N/A
088	A549	RnaSeq	N/A	LID46063	N/A	cytosol	None	1x101	4	shortTotal	Illumina_HiSeq_2000	N/A
074	HPIEpC	Cage	9012801.2	CThi10101GAT	074WC+cage	cell	N/A	1x50	2	longPolyA	Illumina_HiSeq_2000	N/A
014	HepG2	RnaSeq	N/A	LID44465	014Cs	cytosol	TAP-Only	1x36	2	shortTotal	Illumina_GA2x	N/A
085	SK-N-SH	RnaSeq	N/A	LID46272	N/A	nucleus	CIP-TAP	1x101	3	shortTotal	Illumina_HiSeq_2000	N/A
040	Monocytes-CD14+	Cage	RO01746	CThi10022	040WC+cage	cell	N/A	1x50	2	longPolyA	Illumina_HiSeq_2000	N/A
043	CD34+_Mobilized	RnaSeq	N/A	LID45901	043WCt	cell	None	2x101D	1	total	Illumina_HiSeq_2000	Nist14
0130	K562	RnaSeq	N/A	crg-31	0130WCs	cell	N/A	N/A	130	shortTotal	N/A	N/A
002	K562	RnaSeq	N/A	LID18546	002C-	cytosol	None	2x76D	2	longNonPolyA	Illumina_GA2x	Nist14
019	SK-N-SH_RA	RnaSeq	N/A	LID8967	019WC+	cell	None	2x76D	1	longPolyA	Illumina_GA2x	Nist14
011	HeLa-S3	RnaSeq	N/A	LID21144	011Ns	nucleus	TAP-Only	1x36	1	shortTotal	Illumina_GA2x	N/A
001	K562	RnaSeq	N/A	LID10567	001WCs	cell	TAP-Only	1x36	1	shortTotal	Illumina_GA2x	N/A
088	A549	RnaSeq	N/A	LID46101	N/A	nucleus	CIP-TAP	1x101	4	shortTotal	Illumina_HiSeq_2000	N/A
096	H1-neurons	RnaSeq	Cellular Dyn	LID48358	N/A	cell	None	1x101	2	shortTotal	Illumina_HiSeq_2000	N/A
067	hMSC-BM	RnaSeq	0051105.11	LID47658	N/A	cell	TAP-Only	1x101	1	shortTotal	Illumina_HiSeq_2000	N/A
087	A549	RnaSeq	N/A	LID46102	N/A	cytosol	CIP-TAP	1x101	3	shortTotal	Illumina_HiSeq_2000	N/A
056	HAoAF	Cage	6090101.11	CThi10103CTT	056WC+cage	cell	N/A	1x50	2	longPolyA	Illumina_HiSeq_2000	N/A
073	HPIEpC	RnaSeq	9041503.2	LID47105	N/A	cell	None	2x101D	1	total	Illumina_HiSeq_2000	Nist13
088	A549	RnaSeq	N/A	LID46059	N/A	cell	None	1x101	4	shortTotal	Illumina_HiSeq_2000	N/A
059	HCH	RnaSeq	0011308.2P	LID47475	N/A	cell	TAP-Only	1x101	1	shortTotal	Illumina_HiSeq_2000	N/A
003	GM12878	Cage	N/A	J72	003WC+cage	cell	N/A	1x36	1	longPolyA	Illumina_GA2x	N/A
062	HFDPC	RnaSeq	0100503.2	LID47095	N/A	cell	None	2x101D	2	total	Illumina_HiSeq_2000	Nist13
070	hMSC-UC	Cage	0081101.7	CThi10100ATC	070WC+cage	cell	N/A	1x50	2	longPolyA	Illumina_HiSeq_2000	N/A
082	NHEM.f_M2	Cage	5071302.2	CThi10055	082WC+cage	cell	N/A	1x50	2	longPolyA	Illumina_HiSeq_2000	N/A
018	AG04450	Cage	N/A	K13	018WC+cage	cell	N/A	1x36	2	longPolyA	Illumina_GA2x	N/A
013	HepG2	RnaSeq	N/A	LID44464	013Cs	cytosol	TAP-Only	1x36	1	shortTotal	Illumina_GA2x	N/A
065	hMSC-AT	Cage	0102604.12	CThi10105ACA	065WC+cage	cell	N/A	1x50	1	longPolyA	Illumina_HiSeq_2000	N/A
088	A549	RnaPet	N/A	RHA010	088WC+pet	cell	N/A	2x36	4	longPolyA	Illumina_HiSeq_2000	N/A
046	IMR90	RnaSeq	58607680	LID47267	N/A	nucleus	TAP-Only	1x101	2	shortTotal	Illumina_HiSeq_2000	N/A
0153	K562	RnaPet	N/A	DHK007	0153P+pet	polysome	N/A	N/A	153	longPolyA	Illumina_GA2	N/A
030	HUVEC	Cage	7F3771	K04	030C+cage	cytosol	N/A	1x36	4	longPolyA	Illumina_GA2x	N/A
090	MCF-7	RnaSeq	N/A	LID46860	090N+	nucleus	None	2x101D	4	longPolyA	Illumina_HiSeq_2000	Nist14
025	K562	RnaSeq	N/A	LID9185	025CHt	chromatin	None	2x76D	3	total	Illumina_GA2x	Nist14
0101	GM12878	RnaSeq	N/A	crg-2	0101WCs	cell	N/A	N/A	101	shortTotal	N/A	N/A
013	HepG2	Cage	N/A	J89	013C+cage	cytosol	N/A	1x36	1	longPolyA	Illumina_GA2x	N/A
003	GM12878	RnaSeq	N/A	LID18547	003C-	cytosol	None	2x76D	1	longNonPolyA	Illumina_GA2x	Nist14
036	HMEC	RnaSeq	N/A	LID8695	036WC+	cell	None	2x76D	1	longPolyA	Illumina_GA2x	Nist14
0163	HeLa-S3	Cage	N/A	CTig10028	N/A	nucleus	N/A	1x36	163	longNonPolyA	Illumina_GA2x	N/A
040	Monocytes-CD14+	RnaSeq	RO01746	LID44497	040WC+	cell	None	2x76D	2	longPolyA	Illumina_GA2x	Nist14
0118	HUVEC	RnaPet	N/A	RHH001	0118N+pet	nucleus	N/A	2x36	118	longPolyA	Illumina_GA2x	N/A
013	HepG2	RnaSeq	N/A	LID9202	013N-	nucleus	None	2x76D	1	longNonPolyA	Illumina_GA2x	Nist14
045	IMR90	RnaSeq	58607680	LID45611	045N+	cytosol	None	2x101D	1	longPolyA	Illumina_HiSeq_2000	Nist14
069	hMSC-UC	RnaSeq	0052501.7	LID47515	N/A	cell	TAP-Only	1x101	1	shortTotal	Illumina_HiSeq_2000	N/A
087	A549	RnaSeq	N/A	LID47043	N/A	nucleus	TAP-Only	1x101	3	shortTotal	Illumina_HiSeq_2000	N/A
026	K562	RnaSeq	N/A	LID9188	026NLt	nucleolus	None	2x76D	4	total	Illumina_GA2x	Nist14
086	SK-N-SH	RnaSeq	N/A	LID46961	N/A	nucleus	TAP-Only	1x101	4	shortTotal	Illumina_HiSeq_2000	N/A
068	hMSC-BM	RnaSeq	0050602.11	LID47100	N/A	cell	None	2x101D	2	total	Illumina_HiSeq_2000	Nist13
039	Monocytes-CD14+	RnaSeq	RO01746	LID44657	039WC-	cell	None	2x76D	1	longNonPolyA	Illumina_GA2x	Nist14
035	NHEK	RnaSeq	N/A	LID8830	035WC-	cell	None	2x76D	5	longNonPolyA	Illumina_GA2x	Nist14
028	NHEK	RnaSeq	4F1155J	LID21004	028Cs	cytosol	TAP-Only	1x36	4	shortTotal	Illumina_GA2x	N/A
024	HSMM	RnaSeq	N/A	LID8711	024WC+	cell	None	2x76D	2	longPolyA	Illumina_GA2x	Nist14
090	MCF-7	RnaSeq	N/A	LID46858	090C+	cytosol	None	2x101D	4	longPolyA	Illumina_HiSeq_2000	Nist14
0135	K562	RnaPet	N/A	PHK001	0135CHtpet	chromatin	N/A	N/A	135	total	Illumina_GA2	N/A
015	MCF-7	RnaSeq	N/A	LID8686	015WC+1	cell	None	2x76D	1	longPolyA	Illumina_GA2x	Nist14
083	NHEM_M2	Cage	7012303	CThi10056	083WC+cage	cell	N/A	1x50	1	longPolyA	Illumina_HiSeq_2000	N/A
018	AG04450	RnaSeq	N/A	LID8966	018WC+	cell	None	2x76D	2	longPolyA	Illumina_GA2x	Nist14
088	A549	RnaSeq	N/A	LID45900	088N+	nucleus	None	2x101D	4	longPolyA	Illumina_HiSeq_2000	Nist14
012	HeLa-S3	RnaPet	N/A	RHH015	012WC+pet	cell	N/A	2x36	2	longPolyA	Illumina_HiSeq_2000	N/A
0151	K562	RnaSeq	N/A	crg-42	0151Ns	nucleus	N/A	N/A	151	shortTotal	N/A	N/A
053	HOB	Cage	0091301	CThi10036	053WC+cage	cell	N/A	1x50	1	longPolyA	Illumina_HiSeq_2000	N/A
007	NHEK	Cage	4F1155J	J76	007WC+cage	cell	N/A	1x36	1	longPolyA	Illumina_GA2x	N/A
065	hMSC-AT	RnaSeq	0102604.12	LID47097	N/A	cell	None	2x101D	1	total	Illumina_HiSeq_2000	Nist13
091	GM12878	RnaSeq	N/A	LID47963	091NLt	nucleolus	None	2x101D	3	total	Illumina_HiSeq_2000	Nist13
020	SK-N-SH_RA	Cage	N/A	K15	020WC+cage	cell	N/A	1x36	2	longPolyA	Illumina_GA2x	N/A
068	hMSC-BM	RnaSeq	0050602.11	LID47659	N/A	cell	TAP-Only	1x101	2	shortTotal	Illumina_HiSeq_2000	N/A
087	A549	RnaSeq	N/A	LID45897	087C+	cytosol	None	2x101D	3	longPolyA	Illumina_HiSeq_2000	Nist14
0146	K562	RnaSeq	N/A	crg-39	0146NPs	nucleoplasm	N/A	N/A	146	shortTotal	N/A	N/A
004	GM12878	Cage	N/A	J73	004WC+cage	cell	N/A	1x36	2	longPolyA	Illumina_GA2x	N/A
090	MCF-7	RnaSeq	N/A	LID46316	090Cs	cytosol	None	1x101	4	shortTotal	Illumina_HiSeq_2000	N/A
020	SK-N-SH_RA	RnaSeq	N/A	LID20748	020WCs	cell	TAP-Only	1x36	2	shortTotal	Illumina_GA2x	N/A
085	SK-N-SH	Cage	N/A	CThi10044	085C+cage	cytosol	N/A	1x50	3	longPolyA	Illumina_HiSeq_2000	N/A
034	NHLF	RnaSeq	N/A	LID8701	034WC+	cell	None	2x76D	2	longPolyA	Illumina_GA2x	Nist14
042	CD20+	RnaSeq	RO01778	LID44363	042WCs	cell	TAP-Only	1x36	2	shortTotal	Illumina_GA2x	N/A
028	NHEK	Cage	4F1155J	CTig10011	028N+cage	nucleus	N/A	1x36	4	longPolyA	Illumina_GA2x	N/A
012	HeLa-S3	RnaSeq	N/A	LID8560	012N+	nucleus	None	2x76D	2	longPolyA	Illumina_GA2x	Nist14
085	SK-N-SH	RnaSeq	N/A	LID46203	N/A	nucleus	None	1x101	3	shortTotal	Illumina_HiSeq_2000	N/A
083	NHEM_M2	RnaSeq	7012303	LID47258	N/A	cell	None	2x101D	1	total	Illumina_HiSeq_2000	Nist13
006	H1-hESC	RnaSeq	N/A	LID20906	006WCs	cell	TAP-Only	1x36	2	shortTotal	Illumina_GA2x	N/A
013	HepG2	Cage	N/A	K01	013WC+cage	cell	N/A	1x36	1	longPolyA	Illumina_GA2x	N/A
013	HepG2	RnaSeq	N/A	LID8534	013N+	nucleus	None	2x76D	1	longPolyA	Illumina_GA2x	Nist14
029	HUVEC	RnaSeq	7F3771	LID9206	029N-	nucleus	None	2x76D	3	longNonPolyA	Illumina_GA2x	Nist14
072	HPC-PL	Cage	0032601.13	CThi10105ATC	072WC+cage	cell	N/A	1x50	2	longPolyA	Illumina_HiSeq_2000	N/A
002	K562	Cage	N/A	J83	002C+cage	cytosol	N/A	1x36	2	longPolyA	Illumina_GA2x	N/A
088	A549	RnaSeq	N/A	LID45898	088C+	cytosol	None	2x101D	4	longPolyA	Illumina_HiSeq_2000	Nist14
054	HOB	RnaSeq	0090202.1	LID47432	N/A	cell	TAP-Only	1x101	2	shortTotal	Illumina_HiSeq_2000	N/A
025	K562	RnaSeq	N/A	LID8929	025NPs	nucleoplasm	TAP-Only	1x36	3	shortTotal	Illumina_GA2x	N/A
0142	K562	RnaSeq	N/A	crg-36	0142Cs	cytosol	N/A	N/A	142	shortTotal	N/A	N/A
095	H1-neurons	RnaSeq	Cellular Dyn	LID48357	N/A	cell	None	1x101	1	shortTotal	Illumina_HiSeq_2000	N/A
046	IMR90	RnaSeq	58607680	LID45110	N/A	cell	None	1x101	2	shortTotal	Illumina_HiSeq_2000	N/A
019	SK-N-SH_RA	Cage	N/A	K14	019WC+cage	cell	N/A	1x36	1	longPolyA	Illumina_GA2x	N/A
013	HepG2	RnaSeq	N/A	LID16635	013WC+	cell	None	2x76D	1	longPolyA	Illumina_GA2x	Nist14
003	GM12878	RnaSeq	N/A	LID8661	003WC-	cell	None	2x76D	1	longNonPolyA	Illumina_GA2x	Nist14
011	HeLa-S3	RnaSeq	N/A	LID21145	011Cs	cytosol	TAP-Only	1x36	1	shortTotal	Illumina_GA2x	N/A
039	Monocytes-CD14+	Cage	RO01746	CThi10021	039WC+cage	cell	N/A	1x50	1	longPolyA	Illumina_HiSeq_2000	N/A
045	IMR90	RnaSeq	58607680	LID47262	N/A	cell	TAP-Only	1x101	1	shortTotal	Illumina_HiSeq_2000	N/A
006	H1-hESC	RnaSeq	N/A	LID20908	006Cs	cytosol	TAP-Only	1x36	2	shortTotal	Illumina_GA2x	N/A
001	K562	RnaSeq	N/A	LID10572	001Cs	cytosol	TAP-Only	1x36	1	shortTotal	Illumina_GA2x	N/A
053	HOB	RnaSeq	0091301	LID47431	N/A	cell	TAP-Only	1x101	1	shortTotal	Illumina_HiSeq_2000	N/A
036	HMEC	RnaSeq	N/A	LID8831	036WC-	cell	None	2x76D	1	longNonPolyA	Illumina_GA2x	Nist14
026	K562	RnaSeq	N/A	LID18560	026CHs	chromatin	TAP-Only	1x36	4	shortTotal	Illumina_GA2x	N/A
027	NHEK	RnaSeq	4F1155J	LID21002	027Cs	cytosol	TAP-Only	1x36	3	shortTotal	Illumina_GA2x	N/A
089	MCF-7	RnaSeq	N/A	LID46313	089Ns	nucleus	None	1x101	3	shortTotal	Illumina_HiSeq_2000	N/A
085	SK-N-SH	Cage	N/A	CThi10043	085WC+cage	cell	N/A	1x50	3	longPolyA	Illumina_HiSeq_2000	N/A
020	SK-N-SH_RA	RnaSeq	N/A	LID9011	020WC-	cell	None	2x76D	2	longNonPolyA	Illumina_GA2x	Nist14
N/A	N/A	Cage	N/A	I44	N/A	N/A	N/A	N/A	N/A	N/A	Illumina_GA	N/A
055	HAoAF	RnaSeq	6111301.9	LID47020	055WCt	cell	None	2x101D	1	total	Illumina_HiSeq_2000	Nist13
017	AG04450	RnaSeq	N/A	LID9001	017WC-	cell	None	2x76D	1	longNonPolyA	Illumina_GA2x	Nist14
089	MCF-7	RnaSeq	N/A	LID46859	089N+	nucleus	None	2x101D	3	longPolyA	Illumina_HiSeq_2000	Nist14
022	A549	RnaSeq	N/A	LID9006	022WC-	cell	None	2x76D	2	longNonPolyA	Illumina_GA2x	Nist14
027	NHEK	RnaSeq	4F1155J	LID8795	027C+	cytosol	None	2x76D	3	longPolyA	Illumina_GA2x	Nist14
N/A	N/A	Cage	N/A	I68	N/A	N/A	N/A	N/A	N/A	N/A	Illumina_GA	N/A
002	K562	Cage	N/A	J71	002WC+cage	cell	N/A	1x36	2	longPolyA	Illumina_GA2x	N/A
047	SkMC	RnaSeq	9011302	LID47239	N/A	cell	TAP-Only	1x101	1	shortTotal	Illumina_HiSeq_2000	N/A
071	HPC-PL	Cage	0101504.13	CThi10057	071WC+cage	cell	N/A	1x50	1	longPolyA	Illumina_HiSeq_2000	N/A
021	A549	Cage	N/A	K16	021WC+cage	cell	N/A	1x36	1	longPolyA	Illumina_GA2x	N/A
005	H1-hESC	RnaSeq	N/A	LID8663	005WC-	cell	None	2x76D	1	longNonPolyA	Illumina_GA2x	Nist14
046	IMR90	RnaSeq	58607680	LID45239	046WCt	cell	None	2x101D	2	total	Illumina_HiSeq_2000	Nist14
003	GM12878	Cage	N/A	J84	003C+cage	cytosol	N/A	1x36	1	longPolyA	Illumina_GA2x	N/A
086	SK-N-SH	RnaSeq	N/A	LID46202	N/A	cell	None	1x101	4	shortTotal	Illumina_HiSeq_2000	N/A
045	IMR90	RnaSeq	58607680	LID45957	N/A	cytosol	None	1x101	1	shortTotal	Illumina_HiSeq_2000	N/A
003	GM12878	RnaSeq	N/A	LID20900	003Ns	nucleus	TAP-Only	1x36	1	shortTotal	Illumina_GA2x	N/A
091	GM12878	RnaSeq	N/A	LID47655	N/A	chromatin	TAP-Only	1x101	3	shortTotal	Illumina_HiSeq_2000	N/A
014	HepG2	RnaSeq	N/A	LID9203	014N-	nucleus	None	2x76D	2	longNonPolyA	Illumina_GA2x	Nist14
086	SK-N-SH	RnaSeq	N/A	LID46959	N/A	cytosol	TAP-Only	1x101	4	shortTotal	Illumina_HiSeq_2000	N/A
017	AG04450	RnaSeq	N/A	LID8965	017WC+	cell	None	2x76D	1	longPolyA	Illumina_GA2x	Nist14
066	hMSC-AT	RnaSeq	9061601.12	LID47480	N/A	cell	TAP-Only	1x101	2	shortTotal	Illumina_HiSeq_2000	N/A
0122	HeLa-S3	RnaPet	N/A	RHH002	0122C+pet	cytosol	N/A	2x36	122	longPolyA	Illumina_GA2x	N/A
028	NHEK	RnaSeq	4F1155J	LID21003	028Ns	nucleus	TAP-Only	1x36	4	shortTotal	Illumina_GA2x	N/A
025	K562	RnaSeq	N/A	LID8930	025CHs	chromatin	TAP-Only	1x36	3	shortTotal	Illumina_GA2x	N/A
052	HVMF	RnaSeq	6100401.3	LID47244	N/A	cell	TAP-Only	1x101	2	shortTotal	Illumina_HiSeq_2000	N/A
048	SkMC	Cage	8121902.17	CThi10031	048WC+cage	cell	N/A	1x50	2	longPolyA	Illumina_HiSeq_2000	N/A
057	HAoEC	Cage	7071706.1	CThi10103GAT	057WC+cage	cell	N/A	1x50	1	longPolyA	Illumina_HiSeq_2000	N/A
085	SK-N-SH	RnaPet	N/A	RHS015	085WC+pet	cell	N/A	2x36	3	longPolyA	Illumina_HiSeq_2000	N/A
045	IMR90	RnaSeq	58607680	LID45238	045WCt	cell	None	2x101D	1	total	Illumina_HiSeq_2000	Nist14
055	HAoAF	RnaSeq	6111301.9	LID47433	N/A	cell	TAP-Only	1x101	1	shortTotal	Illumina_HiSeq_2000	N/A
058	HAoEC	Cage	8061102.1	CThi10105CTT	058WC+cage	cell	N/A	1x50	2	longPolyA	Illumina_HiSeq_2000	N/A
010	HUVEC	RnaSeq	7F3771	LID8789	010WC-	cell	None	2x76D	2	longNonPolyA	Illumina_GA2x	Nist14
005	H1-hESC	Cage	N/A	J74	005WC+cage	cell	N/A	1x36	1	longPolyA	Illumina_GA2x	N/A
074	HPIEpC	RnaSeq	9012801.2	LID47520	N/A	cell	TAP-Only	1x101	2	shortTotal	Illumina_HiSeq_2000	N/A
014	HepG2	RnaSeq	N/A	LID16636	014WC+	cell	None	2x76D	2	longPolyA	Illumina_GA2x	Nist14
027	NHEK	Cage	4F1155J	K09	027N+cage	nucleus	N/A	1x36	3	longPolyA	Illumina_GA2x	N/A
0158	NHEK	RnaPet	N/A	IHN012	0158N+pet	nucleus	N/A	2x36	158	longPolyA	Illumina_GA2x	N/A
062	HFDPC	Cage	0100503.2	CThi10100GAT	062WC+cage	cell	N/A	1x50	2	longPolyA	Illumina_HiSeq_2000	N/A
009	HUVEC	RnaSeq	7F3771	LID8463	009WC+	cell	None	2x76D	1	longPolyA	Illumina_GA2x	Nist14
039	Monocytes-CD14+	RnaSeq	RO01746	LID44594	039WC+	cell	None	2x76D	1	longPolyA	Illumina_GA2x	Nist14
004	GM12878	RnaSeq	N/A	LID8662	004WC-	cell	None	2x76D	2	longNonPolyA	Illumina_GA2x	Nist14
006	H1-hESC	RnaSeq	N/A	LID9199	006N-	nucleus	None	2x76D	2	longNonPolyA	Illumina_GA2x	Nist14
049	NHDF	Cage	7071701.2	CThi10032	049WC+cage	cell	N/A	1x50	1	longPolyA	Illumina_HiSeq_2000	N/A
087	A549	RnaSeq	N/A	LID45899	087N+	nucleus	None	2x101D	3	longPolyA	Illumina_HiSeq_2000	Nist14
N/A	N/A	Cage	N/A	J56	N/A	N/A	N/A	N/A	N/A	N/A	Illumina_GA2x	N/A
0145	K562	RnaPet	N/A	DHK008	0145NLtpet	nucleolus	N/A	N/A	145	total	Illumina_GA2	N/A
0148	K562	RnaPet	N/A	PHK002	0148NPtpet	nucleoplasm	N/A	N/A	148	total	Illumina_GA2	N/A
005	H1-hESC	RnaSeq	N/A	LID20905	005WCs	cell	TAP-Only	1x36	1	shortTotal	Illumina_GA2x	N/A
085	SK-N-SH	RnaSeq	N/A	LID46270	N/A	cell	CIP-TAP	1x101	3	shortTotal	Illumina_HiSeq_2000	N/A
